callsign,name,band,freq_tx,freq_rx,ctcss_tx,ctcss_rx,c4fm,dmr,dmr_id,dmr_cc,dstar,dstar_rpt1,dstar_rpt2,fm,landmark,state,country,country_code,loc_exact,lat,long,locator,sea_level,skip,scan_group,source_id,source_name,source_provider,source_type,source_license,source_url,offset,dup,ctcss,simplex,split,multimode,name_formatted,distance,heading
,Kronehit,radio,87.6,87.6,,,False,False,,,False,,,True,,Kärnten,Austria,AUT,True,46.75,14.809444,JN76JS,,False,,rtr-radio-db,Radio Frequencies,RTR-GmbH - data.rtr.at,dynamic,Public Domain,https://www.rtr.at/rtr/service/opendata/OD_Uebersicht.de.html,0.0,,False,True,False,False,,,
,Kronehit,radio,87.7,87.7,,,False,False,,,False,,,True,Burgstein,Tirol,Austria,AUT,True,47.057222,10.968889,JN57LB,,False,,rtr-radio-db,Radio Frequencies,RTR-GmbH - data.rtr.at,dynamic,Public Domain,https://www.rtr.at/rtr/service/opendata/OD_Uebersicht.de.html,0.0,,False,True,False,False,,,
,Kronehit,radio,87.8,87.8,,,False,False,,,False,,,True,Lochmühl,Tirol,Austria,AUT,True,46.976667,10.220833,JN56CX,,False,,rtr-radio-db,Radio Frequencies,RTR-GmbH - data.rtr.at,dynamic,Public Domain,https://www.rtr.at/rtr/service/opendata/OD_Uebersicht.de.html,0.0,,False,True,False,False,,,
,Kronehit,radio,87.9,87.9,,,False,False,,,False,,,True,Kronberg,Oberösterreich,Austria,AUT,True,47.933889,13.726389,JN67UW,,False,,rtr-radio-db,Radio Frequencies,RTR-GmbH - data.rtr.at,dynamic,Public Domain,https://www.rtr.at/rtr/service/opendata/OD_Uebersicht.de.html,0.0,,False,True,False,False,,,
,Welle 1 T,radio,88.0,88.0,,,False,False,,,False,,,True,Volderberg,Tirol,Austria,AUT,True,47.274444,11.581389,JN57SG,,False,,rtr-radio-db,Radio Frequencies,RTR-GmbH - data.rtr.at,dynamic,Public Domain,https://www.rtr.at/rtr/service/opendata/OD_Uebersicht.de.html,0.0,,False,True,False,False,,,
,Ö3,radio,88.1,88.1,,,False,False,,,False,,,True,Katrin,Oberösterreich,Austria,AUT,True,47.69,13.580278,JN67SQ,,False,,rtr-radio-db,Radio Frequencies,RTR-GmbH - data.rtr.at,dynamic,Public Domain,https://www.rtr.at/rtr/service/opendata/OD_Uebersicht.de.html,0.0,,False,True,False,False,,,
,Njoy,radio,88.2,88.2,,,False,False,,,False,,,True,Burg Landsberg,Steiermark,Austria,AUT,True,46.813333,15.196667,JN76OT,,False,,rtr-radio-db,Radio Frequencies,RTR-GmbH - data.rtr.at,dynamic,Public Domain,https://www.rtr.at/rtr/service/opendata/OD_Uebersicht.de.html,0.0,,False,True,False,False,,,
,Life  (OÖ),radio,88.3,88.3,,,False,False,,,False,,,True,Ziehberg,Oberösterreich,Austria,AUT,True,47.898333,14.079444,JN77AV,,False,,rtr-radio-db,Radio Frequencies,RTR-GmbH - data.rtr.at,dynamic,Public Domain,https://www.rtr.at/rtr/service/opendata/OD_Uebersicht.de.html,0.0,,False,True,False,False,,,
,Freies  Freistadt,radio,88.4,88.4,,,False,False,,,False,,,True,Aussichtswarte,Oberösterreich,Austria,AUT,True,48.441111,14.681389,JN78IK,,False,,rtr-radio-db,Radio Frequencies,RTR-GmbH - data.rtr.at,dynamic,Public Domain,https://www.rtr.at/rtr/service/opendata/OD_Uebersicht.de.html,0.0,,False,True,False,False,,,
,Ö3,radio,88.5,88.5,,,False,False,,,False,,,True,Kreuzbühel,Vorarlberg,Austria,AUT,True,47.211111,9.836944,JN47WF,,False,,rtr-radio-db,Radio Frequencies,RTR-GmbH - data.rtr.at,dynamic,Public Domain,https://www.rtr.at/rtr/service/opendata/OD_Uebersicht.de.html,0.0,,False,True,False,False,,,
,Ö3,radio,88.6,88.6,,,False,False,,,False,,,True,Stubnerkogel,Salzburg,Austria,AUT,True,47.113889,13.099167,JN67NC,,False,,rtr-radio-db,Radio Frequencies,RTR-GmbH - data.rtr.at,dynamic,Public Domain,https://www.rtr.at/rtr/service/opendata/OD_Uebersicht.de.html,0.0,,False,True,False,False,,,
,Kronehit,radio,88.7,88.7,,,False,False,,,False,,,True,Landscha,Steiermark,Austria,AUT,True,47.233611,15.63,JN77TF,,False,,rtr-radio-db,Radio Frequencies,RTR-GmbH - data.rtr.at,dynamic,Public Domain,https://www.rtr.at/rtr/service/opendata/OD_Uebersicht.de.html,0.0,,False,True,False,False,,,
,Grün Weiß,radio,88.8,88.8,,,False,False,,,False,,,True,Arnstein,Steiermark,Austria,AUT,True,47.025278,15.183056,JN77OA,,False,,rtr-radio-db,Radio Frequencies,RTR-GmbH - data.rtr.at,dynamic,Public Domain,https://www.rtr.at/rtr/service/opendata/OD_Uebersicht.de.html,0.0,,False,True,False,False,,,
,oe24,radio,88.9,88.9,,,False,False,,,False,,,True,Zehnerkar,Salzburg,Austria,AUT,True,47.240556,13.533056,JN67SF,,False,,rtr-radio-db,Radio Frequencies,RTR-GmbH - data.rtr.at,dynamic,Public Domain,https://www.rtr.at/rtr/service/opendata/OD_Uebersicht.de.html,0.0,,False,True,False,False,,,
,Ypsilon,radio,89.0,89.0,,,False,False,,,False,,,True,Leiser Berge,Niederösterreich,Austria,AUT,True,48.558611,16.371389,JN88EN,,False,,rtr-radio-db,Radio Frequencies,RTR-GmbH - data.rtr.at,dynamic,Public Domain,https://www.rtr.at/rtr/service/opendata/OD_Uebersicht.de.html,0.0,,False,True,False,False,,,
,VM1,radio,89.1,89.1,,,False,False,,,False,,,True,Rangger Köpfl,Tirol,Austria,AUT,True,47.243611,11.181111,JN57OF,,False,,rtr-radio-db,Radio Frequencies,RTR-GmbH - data.rtr.at,dynamic,Public Domain,https://www.rtr.at/rtr/service/opendata/OD_Uebersicht.de.html,0.0,,False,True,False,False,,,
,oe24,radio,89.2,89.2,,,False,False,,,False,,,True,Freinberg (RK),Oberösterreich,Austria,AUT,True,48.303056,14.264167,JN78DH,,False,,rtr-radio-db,Radio Frequencies,RTR-GmbH - data.rtr.at,dynamic,Public Domain,https://www.rtr.at/rtr/service/opendata/OD_Uebersicht.de.html,0.0,,False,True,False,False,,,
,Antenne S,radio,89.3,89.3,,,False,False,,,False,,,True,Hochgitzen Mobilfunkmast,Salzburg,Austria,AUT,True,47.857222,13.035278,JN67MU,,False,,rtr-radio-db,Radio Frequencies,RTR-GmbH - data.rtr.at,dynamic,Public Domain,https://www.rtr.at/rtr/service/opendata/OD_Uebersicht.de.html,0.0,,False,True,False,False,,,
,Ö3,radio,89.4,89.4,,,False,False,,,False,,,True,Jauerling,Niederösterreich,Austria,AUT,True,48.334444,15.338611,JN78QI,,False,,rtr-radio-db,Radio Frequencies,RTR-GmbH - data.rtr.at,dynamic,Public Domain,https://www.rtr.at/rtr/service/opendata/OD_Uebersicht.de.html,0.0,,False,True,False,False,,,
,Ö1,radio,89.5,89.5,,,False,False,,,False,,,True,Kuhalpe,Steiermark,Austria,AUT,True,47.058333,14.273333,JN77DB,,False,,rtr-radio-db,Radio Frequencies,RTR-GmbH - data.rtr.at,dynamic,Public Domain,https://www.rtr.at/rtr/service/opendata/OD_Uebersicht.de.html,0.0,,False,True,False,False,,,
,Freirad,radio,89.6,89.6,,,False,False,,,False,,,True,Volderberg,Tirol,Austria,AUT,True,47.274444,11.581389,JN57SG,,False,,rtr-radio-db,Radio Frequencies,RTR-GmbH - data.rtr.at,dynamic,Public Domain,https://www.rtr.at/rtr/service/opendata/OD_Uebersicht.de.html,0.0,,False,True,False,False,,,
,OP,radio,89.7,89.7,,,False,False,,,False,,,True,Margarethenwarte,Burgenland,Austria,AUT,True,47.397222,16.423333,JN87FJ,,False,,rtr-radio-db,Radio Frequencies,RTR-GmbH - data.rtr.at,dynamic,Public Domain,https://www.rtr.at/rtr/service/opendata/OD_Uebersicht.de.html,0.0,,False,True,False,False,,,
,Kronehit,radio,89.8,89.8,,,False,False,,,False,,,True,Pfaffenberg,Kärnten,Austria,AUT,True,46.934167,13.220556,JN66OW,,False,,rtr-radio-db,Radio Frequencies,RTR-GmbH - data.rtr.at,dynamic,Public Domain,https://www.rtr.at/rtr/service/opendata/OD_Uebersicht.de.html,0.0,,False,True,False,False,,,
,Life  (OÖ),radio,89.9,89.9,,,False,False,,,False,,,True,Lichtenberg,Oberösterreich,Austria,AUT,True,47.932778,13.426389,JN67RW,,False,,rtr-radio-db,Radio Frequencies,RTR-GmbH - data.rtr.at,dynamic,Public Domain,https://www.rtr.at/rtr/service/opendata/OD_Uebersicht.de.html,0.0,,False,True,False,False,,,
,VM1,radio,90.0,90.0,,,False,False,,,False,,,True,Thierberg,Tirol,Austria,AUT,True,47.595,12.166667,JN67CO,,False,,rtr-radio-db,Radio Frequencies,RTR-GmbH - data.rtr.at,dynamic,Public Domain,https://www.rtr.at/rtr/service/opendata/OD_Uebersicht.de.html,0.0,,False,True,False,False,,,
,Kronehit,radio,90.1,90.1,,,False,False,,,False,,,True,Erlgrund,Vorarlberg,Austria,AUT,True,47.403611,9.724167,JN47UJ,,False,,rtr-radio-db,Radio Frequencies,RTR-GmbH - data.rtr.at,dynamic,Public Domain,https://www.rtr.at/rtr/service/opendata/OD_Uebersicht.de.html,0.0,,False,True,False,False,,,
,Kronehit,radio,90.2,90.2,,,False,False,,,False,,,True,Auf der Egg,Vorarlberg,Austria,AUT,True,47.245278,9.570278,JN47SF,,False,,rtr-radio-db,Radio Frequencies,RTR-GmbH - data.rtr.at,dynamic,Public Domain,https://www.rtr.at/rtr/service/opendata/OD_Uebersicht.de.html,0.0,,False,True,False,False,,,
,VM1,radio,90.3,90.3,,,False,False,,,False,,,True,Plabutsch Lüftungsturm Nord,Steiermark,Austria,AUT,True,47.071944,15.379444,JN77QB,,False,,rtr-radio-db,Radio Frequencies,RTR-GmbH - data.rtr.at,dynamic,Public Domain,https://www.rtr.at/rtr/service/opendata/OD_Uebersicht.de.html,0.0,,False,True,False,False,,,
,oe24,radio,90.4,90.4,,,False,False,,,False,,,True,Mobilfunkmast,Oberösterreich,Austria,AUT,True,48.033056,14.435278,JN78FA,,False,,rtr-radio-db,Radio Frequencies,RTR-GmbH - data.rtr.at,dynamic,Public Domain,https://www.rtr.at/rtr/service/opendata/OD_Uebersicht.de.html,0.0,,False,True,False,False,,,
,Kronehit,radio,90.5,90.5,,,False,False,,,False,,,True,Unterlindach Schacherbauer,Oberösterreich,Austria,AUT,True,48.111389,13.124444,JN68NC,,False,,rtr-radio-db,Radio Frequencies,RTR-GmbH - data.rtr.at,dynamic,Public Domain,https://www.rtr.at/rtr/service/opendata/OD_Uebersicht.de.html,0.0,,False,True,False,False,,,
,Ö1,radio,90.6,90.6,,,False,False,,,False,,,True,Hirschenstein,Burgenland,Austria,AUT,True,47.345278,16.379167,JN87EI,,False,,rtr-radio-db,Radio Frequencies,RTR-GmbH - data.rtr.at,dynamic,Public Domain,https://www.rtr.at/rtr/service/opendata/OD_Uebersicht.de.html,0.0,,False,True,False,False,,,
,U1 T,radio,90.7,90.7,,,False,False,,,False,,,True,Patscherkofel Feratel,Tirol,Austria,AUT,True,47.208056,11.461111,JN57RE,,False,,rtr-radio-db,Radio Frequencies,RTR-GmbH - data.rtr.at,dynamic,Public Domain,https://www.rtr.at/rtr/service/opendata/OD_Uebersicht.de.html,0.0,,False,True,False,False,,,
,ENERGY,radio,90.8,90.8,,,False,False,,,False,,,True,Raiffeisen Silo,Niederösterreich,Austria,AUT,True,47.957222,16.307222,JN87DW,,False,,rtr-radio-db,Radio Frequencies,RTR-GmbH - data.rtr.at,dynamic,Public Domain,https://www.rtr.at/rtr/service/opendata/OD_Uebersicht.de.html,0.0,,False,True,False,False,,,
,Ö1,radio,90.9,90.9,,,False,False,,,False,,,True,Lampelsberg,Niederösterreich,Austria,AUT,True,48.002778,15.138056,JN78NA,,False,,rtr-radio-db,Radio Frequencies,RTR-GmbH - data.rtr.at,dynamic,Public Domain,https://www.rtr.at/rtr/service/opendata/OD_Uebersicht.de.html,0.0,,False,True,False,False,,,
,Ö1,radio,91.0,91.0,,,False,False,,,False,,,True,Griesfeld,Niederösterreich,Austria,AUT,True,47.941111,16.095,JN87BW,,False,,rtr-radio-db,Radio Frequencies,RTR-GmbH - data.rtr.at,dynamic,Public Domain,https://www.rtr.at/rtr/service/opendata/OD_Uebersicht.de.html,0.0,,False,True,False,False,,,
,ENERGY,radio,91.1,91.1,,,False,False,,,False,,,True,Mobilfunk,Niederösterreich,Austria,AUT,True,48.471667,16.435,JN88FL,,False,,rtr-radio-db,Radio Frequencies,RTR-GmbH - data.rtr.at,dynamic,Public Domain,https://www.rtr.at/rtr/service/opendata/OD_Uebersicht.de.html,0.0,,False,True,False,False,,,
,Life  (T),radio,91.2,91.2,,,False,False,,,False,,,True,Brändleweg 3,Tirol,Austria,AUT,True,46.973889,11.006944,JN56MX,,False,,rtr-radio-db,Radio Frequencies,RTR-GmbH - data.rtr.at,dynamic,Public Domain,https://www.rtr.at/rtr/service/opendata/OD_Uebersicht.de.html,0.0,,False,True,False,False,,,
,Radieschen,radio,91.3,91.3,,,False,False,,,False,,,True,Währinger Gürtel,Wien,Austria,AUT,True,48.227222,16.349167,JN88EF,,False,,rtr-radio-db,Radio Frequencies,RTR-GmbH - data.rtr.at,dynamic,Public Domain,https://www.rtr.at/rtr/service/opendata/OD_Uebersicht.de.html,0.0,,False,True,False,False,,,
,Kronehit,radio,91.4,91.4,,,False,False,,,False,,,True,Penzenstein,Oberösterreich,Austria,AUT,True,48.506389,13.743889,JN68UM,,False,,rtr-radio-db,Radio Frequencies,RTR-GmbH - data.rtr.at,dynamic,Public Domain,https://www.rtr.at/rtr/service/opendata/OD_Uebersicht.de.html,0.0,,False,True,False,False,,,
,Kronehit,radio,91.5,91.5,,,False,False,,,False,,,True,Gebhardsberg,Vorarlberg,Austria,AUT,True,47.490833,9.746111,JN47UL,,False,,rtr-radio-db,Radio Frequencies,RTR-GmbH - data.rtr.at,dynamic,Public Domain,https://www.rtr.at/rtr/service/opendata/OD_Uebersicht.de.html,0.0,,False,True,False,False,,,
,Kronehit,radio,91.6,91.6,,,False,False,,,False,,,True,Wagna Krainer,Steiermark,Austria,AUT,True,46.770556,15.564722,JN76SS,,False,,rtr-radio-db,Radio Frequencies,RTR-GmbH - data.rtr.at,dynamic,Public Domain,https://www.rtr.at/rtr/service/opendata/OD_Uebersicht.de.html,0.0,,False,True,False,False,,,
,oe24,radio,91.7,91.7,,,False,False,,,False,,,True,Waltersdorfer Straße,Niederösterreich,Austria,AUT,True,48.002222,16.244444,JN88CA,,False,,rtr-radio-db,Radio Frequencies,RTR-GmbH - data.rtr.at,dynamic,Public Domain,https://www.rtr.at/rtr/service/opendata/OD_Uebersicht.de.html,0.0,,False,True,False,False,,,
,Maria Österreich,radio,91.8,91.8,,,False,False,,,False,,,True,Bürserberg,Vorarlberg,Austria,AUT,True,47.159167,9.780833,JN47VD,,False,,rtr-radio-db,Radio Frequencies,RTR-GmbH - data.rtr.at,dynamic,Public Domain,https://www.rtr.at/rtr/service/opendata/OD_Uebersicht.de.html,0.0,,False,True,False,False,,,
,Ö1,radio,91.9,91.9,,,False,False,,,False,,,True,Loferstein,Salzburg,Austria,AUT,True,47.298889,12.472778,JN67FH,,False,,rtr-radio-db,Radio Frequencies,RTR-GmbH - data.rtr.at,dynamic,Public Domain,https://www.rtr.at/rtr/service/opendata/OD_Uebersicht.de.html,0.0,,False,True,False,False,,,
,oe24,radio,92.0,92.0,,,False,False,,,False,,,True,Egg Mobilfunkmast,Kärnten,Austria,AUT,True,46.723889,13.154167,JN66NR,,False,,rtr-radio-db,Radio Frequencies,RTR-GmbH - data.rtr.at,dynamic,Public Domain,https://www.rtr.at/rtr/service/opendata/OD_Uebersicht.de.html,0.0,,False,True,False,False,,,
,Antenne T,radio,92.1,92.1,,,False,False,,,False,,,True,Schlotthof,Tirol,Austria,AUT,True,47.270278,11.374722,JN57QG,,False,,rtr-radio-db,Radio Frequencies,RTR-GmbH - data.rtr.at,dynamic,Public Domain,https://www.rtr.at/rtr/service/opendata/OD_Uebersicht.de.html,0.0,,False,True,False,False,,,
,Kronehit,radio,92.2,92.2,,,False,False,,,False,,,True,Mobilfunkmast,Oberösterreich,Austria,AUT,True,48.033056,14.435278,JN78FA,,False,,rtr-radio-db,Radio Frequencies,RTR-GmbH - data.rtr.at,dynamic,Public Domain,https://www.rtr.at/rtr/service/opendata/OD_Uebersicht.de.html,0.0,,False,True,False,False,,,
,Kronehit,radio,92.3,92.3,,,False,False,,,False,,,True,,Salzburg,Austria,AUT,True,47.832778,13.073056,JN67MT,,False,,rtr-radio-db,Radio Frequencies,RTR-GmbH - data.rtr.at,dynamic,Public Domain,https://www.rtr.at/rtr/service/opendata/OD_Uebersicht.de.html,0.0,,False,True,False,False,,,
,FM4,radio,92.4,92.4,,,False,False,,,False,,,True,Sonnwendstein,Niederösterreich,Austria,AUT,True,47.629444,15.858333,JN77WP,,False,,rtr-radio-db,Radio Frequencies,RTR-GmbH - data.rtr.at,dynamic,Public Domain,https://www.rtr.at/rtr/service/opendata/OD_Uebersicht.de.html,0.0,,False,True,False,False,,,
,Ö1,radio,92.5,92.5,,,False,False,,,False,,,True,,Niederösterreich,Austria,AUT,True,47.900833,15.729722,JN77UV,,False,,rtr-radio-db,Radio Frequencies,RTR-GmbH - data.rtr.at,dynamic,Public Domain,https://www.rtr.at/rtr/service/opendata/OD_Uebersicht.de.html,0.0,,False,True,False,False,,,
,Agora,radio,92.6,92.6,,,False,False,,,False,,,True,Fernheizwerk,Steiermark,Austria,AUT,True,46.686944,16.013056,JN86AQ,,False,,rtr-radio-db,Radio Frequencies,RTR-GmbH - data.rtr.at,dynamic,Public Domain,https://www.rtr.at/rtr/service/opendata/OD_Uebersicht.de.html,0.0,,False,True,False,False,,,
,Proton,radio,92.7,92.7,,,False,False,,,False,,,True,Gebhardsberg,Vorarlberg,Austria,AUT,True,47.490833,9.746111,JN47UL,,False,,rtr-radio-db,Radio Frequencies,RTR-GmbH - data.rtr.at,dynamic,Public Domain,https://www.rtr.at/rtr/service/opendata/OD_Uebersicht.de.html,0.0,,False,True,False,False,,,
,OP,radio,92.8,92.8,,,False,False,,,False,,,True,Siloanlage,Burgenland,Austria,AUT,True,47.604167,16.620833,JN87HO,,False,,rtr-radio-db,Radio Frequencies,RTR-GmbH - data.rtr.at,dynamic,Public Domain,https://www.rtr.at/rtr/service/opendata/OD_Uebersicht.de.html,0.0,,False,True,False,False,,,
,oe24,radio,92.9,92.9,,,False,False,,,False,,,True,Wildenkarkogel,Salzburg,Austria,AUT,True,47.401389,12.686667,JN67IJ,,False,,rtr-radio-db,Radio Frequencies,RTR-GmbH - data.rtr.at,dynamic,Public Domain,https://www.rtr.at/rtr/service/opendata/OD_Uebersicht.de.html,0.0,,False,True,False,False,,,
,Kronehit,radio,93.0,93.0,,,False,False,,,False,,,True,Getzing,Oberösterreich,Austria,AUT,True,48.536111,13.995278,JN68XM,,False,,rtr-radio-db,Radio Frequencies,RTR-GmbH - data.rtr.at,dynamic,Public Domain,https://www.rtr.at/rtr/service/opendata/OD_Uebersicht.de.html,0.0,,False,True,False,False,,,
,Ö2 NÖ,radio,93.1,93.1,,,False,False,,,False,,,True,Königsberg,Niederösterreich,Austria,AUT,True,47.58,16.121111,JN87BN,,False,,rtr-radio-db,Radio Frequencies,RTR-GmbH - data.rtr.at,dynamic,Public Domain,https://www.rtr.at/rtr/service/opendata/OD_Uebersicht.de.html,0.0,,False,True,False,False,,,
,Superfly,radio,93.2,93.2,,,False,False,,,False,,,True,Schildberg,Niederösterreich,Austria,AUT,True,48.213056,15.711944,JN78UF,,False,,rtr-radio-db,Radio Frequencies,RTR-GmbH - data.rtr.at,dynamic,Public Domain,https://www.rtr.at/rtr/service/opendata/OD_Uebersicht.de.html,0.0,,False,True,False,False,,,
,Ö2 S,radio,93.3,93.3,,,False,False,,,False,,,True,Buchberg,Salzburg,Austria,AUT,True,47.562222,13.430278,JN67RN,,False,,rtr-radio-db,Radio Frequencies,RTR-GmbH - data.rtr.at,dynamic,Public Domain,https://www.rtr.at/rtr/service/opendata/OD_Uebersicht.de.html,0.0,,False,True,False,False,,,
,oe24,radio,93.4,93.4,,,False,False,,,False,,,True,Stifterkogel,Kärnten,Austria,AUT,True,46.576667,14.297222,JN76DN,,False,,rtr-radio-db,Radio Frequencies,RTR-GmbH - data.rtr.at,dynamic,Public Domain,https://www.rtr.at/rtr/service/opendata/OD_Uebersicht.de.html,0.0,,False,True,False,False,,,
,Ö2 B,radio,93.5,93.5,,,False,False,,,False,,,True,Hirschenstein,Burgenland,Austria,AUT,True,47.345278,16.379167,JN87EI,,False,,rtr-radio-db,Radio Frequencies,RTR-GmbH - data.rtr.at,dynamic,Public Domain,https://www.rtr.at/rtr/service/opendata/OD_Uebersicht.de.html,0.0,,False,True,False,False,,,
,LoungeFM,radio,93.6,93.6,,,False,False,,,False,,,True,Donaukanal,Wien,Austria,AUT,True,48.214444,16.375833,JN88EF,,False,,rtr-radio-db,Radio Frequencies,RTR-GmbH - data.rtr.at,dynamic,Public Domain,https://www.rtr.at/rtr/service/opendata/OD_Uebersicht.de.html,0.0,,False,True,False,False,,,
,Ypsilon,radio,93.7,93.7,,,False,False,,,False,,,True,Silo,Niederösterreich,Austria,AUT,True,48.563611,16.56,JN88GN,,False,,rtr-radio-db,Radio Frequencies,RTR-GmbH - data.rtr.at,dynamic,Public Domain,https://www.rtr.at/rtr/service/opendata/OD_Uebersicht.de.html,0.0,,False,True,False,False,,,
,Arabella Linz,radio,93.8,93.8,,,False,False,,,False,,,True,Obergrünbach,Oberösterreich,Austria,AUT,True,48.546944,14.537778,JN78GN,,False,,rtr-radio-db,Radio Frequencies,RTR-GmbH - data.rtr.at,dynamic,Public Domain,https://www.rtr.at/rtr/service/opendata/OD_Uebersicht.de.html,0.0,,False,True,False,False,,,
,Kronehit,radio,93.9,93.9,,,False,False,,,False,,,True,Grünberg,Oberösterreich,Austria,AUT,True,47.898889,13.818611,JN67VV,,False,,rtr-radio-db,Radio Frequencies,RTR-GmbH - data.rtr.at,dynamic,Public Domain,https://www.rtr.at/rtr/service/opendata/OD_Uebersicht.de.html,0.0,,False,True,False,False,,,
,Freies  Salzkammergut,radio,94.0,94.0,,,False,False,,,False,,,True,FF Jainzen,Oberösterreich,Austria,AUT,True,47.723611,13.616944,JN67TR,,False,,rtr-radio-db,Radio Frequencies,RTR-GmbH - data.rtr.at,dynamic,Public Domain,https://www.rtr.at/rtr/service/opendata/OD_Uebersicht.de.html,0.0,,False,True,False,False,,,
,Ö2 OÖ,radio,94.1,94.1,,,False,False,,,False,,,True,Zwieselalm,Oberösterreich,Austria,AUT,True,47.531667,13.476667,JN67RM,,False,,rtr-radio-db,Radio Frequencies,RTR-GmbH - data.rtr.at,dynamic,Public Domain,https://www.rtr.at/rtr/service/opendata/OD_Uebersicht.de.html,0.0,,False,True,False,False,,,
,Antenne S,radio,94.2,94.2,,,False,False,,,False,,,True,Zwölferhorn,Salzburg,Austria,AUT,True,47.743889,13.353889,JN67QR,,False,,rtr-radio-db,Radio Frequencies,RTR-GmbH - data.rtr.at,dynamic,Public Domain,https://www.rtr.at/rtr/service/opendata/OD_Uebersicht.de.html,0.0,,False,True,False,False,,,
,Kronehit,radio,94.3,94.3,,,False,False,,,False,,,True,Schlossbichl,Kärnten,Austria,AUT,True,46.923889,13.5475,JN66SW,,False,,rtr-radio-db,Radio Frequencies,RTR-GmbH - data.rtr.at,dynamic,Public Domain,https://www.rtr.at/rtr/service/opendata/OD_Uebersicht.de.html,0.0,,False,True,False,False,,,
,Campusradio,radio,94.4,94.4,,,False,False,,,False,,,True,Schildberg,Niederösterreich,Austria,AUT,True,48.213056,15.711944,JN78UF,,False,,rtr-radio-db,Radio Frequencies,RTR-GmbH - data.rtr.at,dynamic,Public Domain,https://www.rtr.at/rtr/service/opendata/OD_Uebersicht.de.html,0.0,,False,True,False,False,,,
,Ypsilon,radio,94.5,94.5,,,False,False,,,False,,,True,Gymnasiumturm,Niederösterreich,Austria,AUT,True,48.559167,16.085,JN88BN,,False,,rtr-radio-db,Radio Frequencies,RTR-GmbH - data.rtr.at,dynamic,Public Domain,https://www.rtr.at/rtr/service/opendata/OD_Uebersicht.de.html,0.0,,False,True,False,False,,,
,Kronehit,radio,94.6,94.6,,,False,False,,,False,,,True,Tettenhengst,Niederösterreich,Austria,AUT,True,47.871389,15.622222,JN77TU,,False,,rtr-radio-db,Radio Frequencies,RTR-GmbH - data.rtr.at,dynamic,Public Domain,https://www.rtr.at/rtr/service/opendata/OD_Uebersicht.de.html,0.0,,False,True,False,False,,,
,Ö2 NÖ,radio,94.7,94.7,,,False,False,,,False,,,True,Kollmitzberg,Niederösterreich,Austria,AUT,True,48.837778,15.537222,JN78SU,,False,,rtr-radio-db,Radio Frequencies,RTR-GmbH - data.rtr.at,dynamic,Public Domain,https://www.rtr.at/rtr/service/opendata/OD_Uebersicht.de.html,0.0,,False,True,False,False,,,
,Ö2 NÖ,radio,94.8,94.8,,,False,False,,,False,,,True,Stallfeld,Niederösterreich,Austria,AUT,True,47.606667,15.905,JN77WO,,False,,rtr-radio-db,Radio Frequencies,RTR-GmbH - data.rtr.at,dynamic,Public Domain,https://www.rtr.at/rtr/service/opendata/OD_Uebersicht.de.html,0.0,,False,True,False,False,,,
,Kronehit,radio,94.9,94.9,,,False,False,,,False,,,True,Karnerleiten,Niederösterreich,Austria,AUT,True,47.931667,15.485833,JN77RW,,False,,rtr-radio-db,Radio Frequencies,RTR-GmbH - data.rtr.at,dynamic,Public Domain,https://www.rtr.at/rtr/service/opendata/OD_Uebersicht.de.html,0.0,,False,True,False,False,,,
,Grün Weiß,radio,95.0,95.0,,,False,False,,,False,,,True,Burg Oberkapfenberg,Steiermark,Austria,AUT,True,47.44,15.293611,JN77PK,,False,,rtr-radio-db,Radio Frequencies,RTR-GmbH - data.rtr.at,dynamic,Public Domain,https://www.rtr.at/rtr/service/opendata/OD_Uebersicht.de.html,0.0,,False,True,False,False,,,
,ENERGY,radio,95.1,95.1,,,False,False,,,False,,,True,Föllig Mobilfunkmast,Burgenland,Austria,AUT,True,47.817222,16.463611,JN87FT,,False,,rtr-radio-db,Radio Frequencies,RTR-GmbH - data.rtr.at,dynamic,Public Domain,https://www.rtr.at/rtr/service/opendata/OD_Uebersicht.de.html,0.0,,False,True,False,False,,,
,Antenne S,radio,95.2,95.2,,,False,False,,,False,,,True,Gaisberg/BOS-Mast,Salzburg,Austria,AUT,True,47.802222,13.110278,JN67NT,,False,,rtr-radio-db,Radio Frequencies,RTR-GmbH - data.rtr.at,dynamic,Public Domain,https://www.rtr.at/rtr/service/opendata/OD_Uebersicht.de.html,0.0,,False,True,False,False,,,
,Ö2 W,radio,95.3,95.3,,,False,False,,,False,,,True,Himmelhof,Wien,Austria,AUT,True,48.191667,16.255556,JN88DE,,False,,rtr-radio-db,Radio Frequencies,RTR-GmbH - data.rtr.at,dynamic,Public Domain,https://www.rtr.at/rtr/service/opendata/OD_Uebersicht.de.html,0.0,,False,True,False,False,,,
,Arabella Linz,radio,95.4,95.4,,,False,False,,,False,,,True,Ackerschneid,Oberösterreich,Austria,AUT,True,47.7925,13.465556,JN67RT,,False,,rtr-radio-db,Radio Frequencies,RTR-GmbH - data.rtr.at,dynamic,Public Domain,https://www.rtr.at/rtr/service/opendata/OD_Uebersicht.de.html,0.0,,False,True,False,False,,,
,Maria Österreich,radio,95.5,95.5,,,False,False,,,False,,,True,Reichgrüben,Niederösterreich,Austria,AUT,True,48.186111,15.687778,JN78UE,,False,,rtr-radio-db,Radio Frequencies,RTR-GmbH - data.rtr.at,dynamic,Public Domain,https://www.rtr.at/rtr/service/opendata/OD_Uebersicht.de.html,0.0,,False,True,False,False,,,
,Life  (OÖ),radio,95.6,95.6,,,False,False,,,False,,,True,Kleinerberg,Oberösterreich,Austria,AUT,True,47.733889,14.366667,JN77ER,,False,,rtr-radio-db,Radio Frequencies,RTR-GmbH - data.rtr.at,dynamic,Public Domain,https://www.rtr.at/rtr/service/opendata/OD_Uebersicht.de.html,0.0,,False,True,False,False,,,
,Antenne K,radio,95.7,95.7,,,False,False,,,False,,,True,Schlossbichl,Kärnten,Austria,AUT,True,46.923611,13.5475,JN66SW,,False,,rtr-radio-db,Radio Frequencies,RTR-GmbH - data.rtr.at,dynamic,Public Domain,https://www.rtr.at/rtr/service/opendata/OD_Uebersicht.de.html,0.0,,False,True,False,False,,,
,Kronehit,radio,95.8,95.8,,,False,False,,,False,,,True,Gatschberg,Steiermark,Austria,AUT,True,47.488889,14.129444,JN77BL,,False,,rtr-radio-db,Radio Frequencies,RTR-GmbH - data.rtr.at,dynamic,Public Domain,https://www.rtr.at/rtr/service/opendata/OD_Uebersicht.de.html,0.0,,False,True,False,False,,,
,Kronehit,radio,95.9,95.9,,,False,False,,,False,,,True,Stellerberg,Steiermark,Austria,AUT,True,47.410833,14.749722,JN77IJ,,False,,rtr-radio-db,Radio Frequencies,RTR-GmbH - data.rtr.at,dynamic,Public Domain,https://www.rtr.at/rtr/service/opendata/OD_Uebersicht.de.html,0.0,,False,True,False,False,,,
,Maria Österreich,radio,96.0,96.0,,,False,False,,,False,,,True,Ahorn - Panorama Funkstation,Tirol,Austria,AUT,True,47.136944,11.869444,JN57WD,,False,,rtr-radio-db,Radio Frequencies,RTR-GmbH - data.rtr.at,dynamic,Public Domain,https://www.rtr.at/rtr/service/opendata/OD_Uebersicht.de.html,0.0,,False,True,False,False,,,
,Antenne K,radio,96.1,96.1,,,False,False,,,False,,,True,Lippekogel,Kärnten,Austria,AUT,True,46.734722,14.508889,JN76GR,,False,,rtr-radio-db,Radio Frequencies,RTR-GmbH - data.rtr.at,dynamic,Public Domain,https://www.rtr.at/rtr/service/opendata/OD_Uebersicht.de.html,0.0,,False,True,False,False,,,
,Kronehit,radio,96.2,96.2,,,False,False,,,False,,,True,Sulzberg,Oberösterreich,Austria,AUT,True,48.150278,13.605833,JN68TD,,False,,rtr-radio-db,Radio Frequencies,RTR-GmbH - data.rtr.at,dynamic,Public Domain,https://www.rtr.at/rtr/service/opendata/OD_Uebersicht.de.html,0.0,,False,True,False,False,,,
,Kronehit,radio,96.3,96.3,,,False,False,,,False,,,True,,Kärnten,Austria,AUT,True,47.0125,12.883333,JN67KA,,False,,rtr-radio-db,Radio Frequencies,RTR-GmbH - data.rtr.at,dynamic,Public Domain,https://www.rtr.at/rtr/service/opendata/OD_Uebersicht.de.html,0.0,,False,True,False,False,,,
,Ö2 NÖ,radio,96.4,96.4,,,False,False,,,False,,,True,Lembacher Höhe,Niederösterreich,Austria,AUT,True,47.510556,16.305,JN87DM,,False,,rtr-radio-db,Radio Frequencies,RTR-GmbH - data.rtr.at,dynamic,Public Domain,https://www.rtr.at/rtr/service/opendata/OD_Uebersicht.de.html,0.0,,False,True,False,False,,,
,Arabella,radio,96.5,96.5,,,False,False,,,False,,,True,Hengstberg,Niederösterreich,Austria,AUT,True,48.1825,14.999722,JN78LE,,False,,rtr-radio-db,Radio Frequencies,RTR-GmbH - data.rtr.at,dynamic,Public Domain,https://www.rtr.at/rtr/service/opendata/OD_Uebersicht.de.html,0.0,,False,True,False,False,,,
,Ö2 S,radio,96.6,96.6,,,False,False,,,False,,,True,Lechnereck,Salzburg,Austria,AUT,True,47.302778,12.8375,JN67KH,,False,,rtr-radio-db,Radio Frequencies,RTR-GmbH - data.rtr.at,dynamic,Public Domain,https://www.rtr.at/rtr/service/opendata/OD_Uebersicht.de.html,0.0,,False,True,False,False,,,
,Arabella Linz,radio,96.7,96.7,,,False,False,,,False,,,True,Lichtenberg,Oberösterreich,Austria,AUT,True,48.384722,14.254722,JN78DJ,,False,,rtr-radio-db,Radio Frequencies,RTR-GmbH - data.rtr.at,dynamic,Public Domain,https://www.rtr.at/rtr/service/opendata/OD_Uebersicht.de.html,0.0,,False,True,False,False,,,
,oe24,radio,96.8,96.8,,,False,False,,,False,,,True,Gebhardsberg,Vorarlberg,Austria,AUT,True,47.490833,9.746111,JN47UL,,False,,rtr-radio-db,Radio Frequencies,RTR-GmbH - data.rtr.at,dynamic,Public Domain,https://www.rtr.at/rtr/service/opendata/OD_Uebersicht.de.html,0.0,,False,True,False,False,,,
,FM4,radio,96.9,96.9,,,False,False,,,False,,,True,Bärenkogel,Salzburg,Austria,AUT,True,47.072778,13.606111,JN67TB,,False,,rtr-radio-db,Radio Frequencies,RTR-GmbH - data.rtr.at,dynamic,Public Domain,https://www.rtr.at/rtr/service/opendata/OD_Uebersicht.de.html,0.0,,False,True,False,False,,,
,U1 T,radio,97.0,97.0,,,False,False,,,False,,,True,Schlotthof,Tirol,Austria,AUT,True,47.270278,11.374722,JN57QG,,False,,rtr-radio-db,Radio Frequencies,RTR-GmbH - data.rtr.at,dynamic,Public Domain,https://www.rtr.at/rtr/service/opendata/OD_Uebersicht.de.html,0.0,,False,True,False,False,,,
,U1 T,radio,97.1,97.1,,,False,False,,,False,,,True,Brändleweg 3,Tirol,Austria,AUT,True,46.973889,11.006944,JN56MX,,False,,rtr-radio-db,Radio Frequencies,RTR-GmbH - data.rtr.at,dynamic,Public Domain,https://www.rtr.at/rtr/service/opendata/OD_Uebersicht.de.html,0.0,,False,True,False,False,,,
,Kronehit,radio,97.2,97.2,,,False,False,,,False,,,True,Werlberg,Tirol,Austria,AUT,True,47.495,12.109444,JN67BL,,False,,rtr-radio-db,Radio Frequencies,RTR-GmbH - data.rtr.at,dynamic,Public Domain,https://www.rtr.at/rtr/service/opendata/OD_Uebersicht.de.html,0.0,,False,True,False,False,,,
,fabrik,radio,97.3,97.3,,,False,False,,,False,,,True,Nonntal,Salzburg,Austria,AUT,True,47.795,13.056389,JN67MT,,False,,rtr-radio-db,Radio Frequencies,RTR-GmbH - data.rtr.at,dynamic,Public Domain,https://www.rtr.at/rtr/service/opendata/OD_Uebersicht.de.html,0.0,,False,True,False,False,,,
,FM4,radio,97.4,97.4,,,False,False,,,False,,,True,Hirschenstein,Burgenland,Austria,AUT,True,47.345278,16.379167,JN87EI,,False,,rtr-radio-db,Radio Frequencies,RTR-GmbH - data.rtr.at,dynamic,Public Domain,https://www.rtr.at/rtr/service/opendata/OD_Uebersicht.de.html,0.0,,False,True,False,False,,,
,Kronehit,radio,97.5,97.5,,,False,False,,,False,,,True,Himmelhof,Wien,Austria,AUT,True,48.191667,16.255556,JN88DE,,False,,rtr-radio-db,Radio Frequencies,RTR-GmbH - data.rtr.at,dynamic,Public Domain,https://www.rtr.at/rtr/service/opendata/OD_Uebersicht.de.html,0.0,,False,True,False,False,,,
,oe24,radio,97.6,97.6,,,False,False,,,False,,,True,Stieglreith,Tirol,Austria,AUT,True,47.238333,11.221111,JN57OF,,False,,rtr-radio-db,Radio Frequencies,RTR-GmbH - data.rtr.at,dynamic,Public Domain,https://www.rtr.at/rtr/service/opendata/OD_Uebersicht.de.html,0.0,,False,True,False,False,,,
,Kronehit,radio,97.7,97.7,,,False,False,,,False,,,True,Schupperer,Steiermark,Austria,AUT,True,47.087778,14.697222,JN77IC,,False,,rtr-radio-db,Radio Frequencies,RTR-GmbH - data.rtr.at,dynamic,Public Domain,https://www.rtr.at/rtr/service/opendata/OD_Uebersicht.de.html,0.0,,False,True,False,False,,,
,Arabella Linz,radio,97.8,97.8,,,False,False,,,False,,,True,Lichtenberg,Oberösterreich,Austria,AUT,True,47.932222,13.425833,JN67RW,,False,,rtr-radio-db,Radio Frequencies,RTR-GmbH - data.rtr.at,dynamic,Public Domain,https://www.rtr.at/rtr/service/opendata/OD_Uebersicht.de.html,0.0,,False,True,False,False,,,
,Kronehit,radio,97.9,97.9,,,False,False,,,False,,,True,Wirtschaftsgebäude,Oberösterreich,Austria,AUT,True,48.554167,14.240833,JN78CN,,False,,rtr-radio-db,Radio Frequencies,RTR-GmbH - data.rtr.at,dynamic,Public Domain,https://www.rtr.at/rtr/service/opendata/OD_Uebersicht.de.html,0.0,,False,True,False,False,,,
,Kronehit,radio,98.0,98.0,,,False,False,,,False,,,True,Gschwandkopf,Tirol,Austria,AUT,True,47.314167,11.177778,JN57OH,,False,,rtr-radio-db,Radio Frequencies,RTR-GmbH - data.rtr.at,dynamic,Public Domain,https://www.rtr.at/rtr/service/opendata/OD_Uebersicht.de.html,0.0,,False,True,False,False,,,
,Ö3,radio,98.1,98.1,,,False,False,,,False,,,True,Bromreith,Niederösterreich,Austria,AUT,True,47.813889,14.918611,JN77LT,,False,,rtr-radio-db,Radio Frequencies,RTR-GmbH - data.rtr.at,dynamic,Public Domain,https://www.rtr.at/rtr/service/opendata/OD_Uebersicht.de.html,0.0,,False,True,False,False,,,
,Kronehit,radio,98.2,98.2,,,False,False,,,False,,,True,Ahorn Panorama Funkstation,Tirol,Austria,AUT,True,47.136944,11.869444,JN57WD,,False,,rtr-radio-db,Radio Frequencies,RTR-GmbH - data.rtr.at,dynamic,Public Domain,https://www.rtr.at/rtr/service/opendata/OD_Uebersicht.de.html,0.0,,False,True,False,False,,,
,Kronehit,radio,98.3,98.3,,,False,False,,,False,,,True,Görlitzen,Kärnten,Austria,AUT,True,46.9675,14.803056,JN76JX,,False,,rtr-radio-db,Radio Frequencies,RTR-GmbH - data.rtr.at,dynamic,Public Domain,https://www.rtr.at/rtr/service/opendata/OD_Uebersicht.de.html,0.0,,False,True,False,False,,,
,Agora,radio,98.4,98.4,,,False,False,,,False,,,True,,Steiermark,Austria,AUT,True,46.668333,15.473333,JN76RQ,,False,,rtr-radio-db,Radio Frequencies,RTR-GmbH - data.rtr.at,dynamic,Public Domain,https://www.rtr.at/rtr/service/opendata/OD_Uebersicht.de.html,0.0,,False,True,False,False,,,
,Kronehit,radio,98.5,98.5,,,False,False,,,False,,,True,Lunzberg,Niederösterreich,Austria,AUT,True,47.871944,15.026389,JN77MU,,False,,rtr-radio-db,Radio Frequencies,RTR-GmbH - data.rtr.at,dynamic,Public Domain,https://www.rtr.at/rtr/service/opendata/OD_Uebersicht.de.html,0.0,,False,True,False,False,,,
,Kronehit,radio,98.6,98.6,,,False,False,,,False,,,True,Plaßbichl,Kärnten,Austria,AUT,True,46.819444,13.851389,JN66WT,,False,,rtr-radio-db,Radio Frequencies,RTR-GmbH - data.rtr.at,dynamic,Public Domain,https://www.rtr.at/rtr/service/opendata/OD_Uebersicht.de.html,0.0,,False,True,False,False,,,
,Ö3,radio,98.7,98.7,,,False,False,,,False,,,True,Königsberg,Niederösterreich,Austria,AUT,True,47.58,16.121111,JN87BN,,False,,rtr-radio-db,Radio Frequencies,RTR-GmbH - data.rtr.at,dynamic,Public Domain,https://www.rtr.at/rtr/service/opendata/OD_Uebersicht.de.html,0.0,,False,True,False,False,,,
,OP,radio,98.8,98.8,,,False,False,,,False,,,True,Stoob,Burgenland,Austria,AUT,True,47.511111,16.506389,JN87GM,,False,,rtr-radio-db,Radio Frequencies,RTR-GmbH - data.rtr.at,dynamic,Public Domain,https://www.rtr.at/rtr/service/opendata/OD_Uebersicht.de.html,0.0,,False,True,False,False,,,
,Ö3,radio,98.9,98.9,,,False,False,,,False,,,True,,Tirol,Austria,AUT,True,47.056389,11.496389,JN57RB,,False,,rtr-radio-db,Radio Frequencies,RTR-GmbH - data.rtr.at,dynamic,Public Domain,https://www.rtr.at/rtr/service/opendata/OD_Uebersicht.de.html,0.0,,False,True,False,False,,,
,Ö3,radio,99.0,99.0,,,False,False,,,False,,,True,Hartberg,Niederösterreich,Austria,AUT,True,47.9875,16.239444,JN87CX,,False,,rtr-radio-db,Radio Frequencies,RTR-GmbH - data.rtr.at,dynamic,Public Domain,https://www.rtr.at/rtr/service/opendata/OD_Uebersicht.de.html,0.0,,False,True,False,False,,,
,Kronehit,radio,99.1,99.1,,,False,False,,,False,,,True,Residenzberg,Niederösterreich,Austria,AUT,True,47.871667,15.870278,JN77WU,,False,,rtr-radio-db,Radio Frequencies,RTR-GmbH - data.rtr.at,dynamic,Public Domain,https://www.rtr.at/rtr/service/opendata/OD_Uebersicht.de.html,0.0,,False,True,False,False,,,
,Arabella Linz,radio,99.2,99.2,,,False,False,,,False,,,True,Gusterberg,Oberösterreich,Austria,AUT,True,48.039167,14.137778,JN78BA,,False,,rtr-radio-db,Radio Frequencies,RTR-GmbH - data.rtr.at,dynamic,Public Domain,https://www.rtr.at/rtr/service/opendata/OD_Uebersicht.de.html,0.0,,False,True,False,False,,,
,Arabella,radio,99.3,99.3,,,False,False,,,False,,,True,Loschberg,Niederösterreich,Austria,AUT,True,48.530278,15.280556,JN78PM,,False,,rtr-radio-db,Radio Frequencies,RTR-GmbH - data.rtr.at,dynamic,Public Domain,https://www.rtr.at/rtr/service/opendata/OD_Uebersicht.de.html,0.0,,False,True,False,False,,,
,Arabella,radio,99.4,99.4,,,False,False,,,False,,,True,Raiffeisen Silo,Niederösterreich,Austria,AUT,True,48.288889,16.009444,JN88AG,,False,,rtr-radio-db,Radio Frequencies,RTR-GmbH - data.rtr.at,dynamic,Public Domain,https://www.rtr.at/rtr/service/opendata/OD_Uebersicht.de.html,0.0,,False,True,False,False,,,
,Ö2 OÖ,radio,99.5,99.5,,,False,False,,,False,,,True,Schardenberg,Oberösterreich,Austria,AUT,True,48.521944,13.487778,JN68RM,,False,,rtr-radio-db,Radio Frequencies,RTR-GmbH - data.rtr.at,dynamic,Public Domain,https://www.rtr.at/rtr/service/opendata/OD_Uebersicht.de.html,0.0,,False,True,False,False,,,
,Kronehit,radio,99.6,99.6,,,False,False,,,False,,,True,Kronhof,Kärnten,Austria,AUT,True,46.644722,13.048889,JN66MP,,False,,rtr-radio-db,Radio Frequencies,RTR-GmbH - data.rtr.at,dynamic,Public Domain,https://www.rtr.at/rtr/service/opendata/OD_Uebersicht.de.html,0.0,,False,True,False,False,,,
,Maria Österreich,radio,99.7,99.7,,,False,False,,,False,,,True,Oberbuchberg,Tirol,Austria,AUT,True,47.631111,12.243056,JN67CP,,False,,rtr-radio-db,Radio Frequencies,RTR-GmbH - data.rtr.at,dynamic,Public Domain,https://www.rtr.at/rtr/service/opendata/OD_Uebersicht.de.html,0.0,,False,True,False,False,,,
,Klassik,radio,99.8,99.8,,,False,False,,,False,,,True,Liefering,Salzburg,Austria,AUT,True,47.824167,13.016111,JN67MT,,False,,rtr-radio-db,Radio Frequencies,RTR-GmbH - data.rtr.at,dynamic,Public Domain,https://www.rtr.at/rtr/service/opendata/OD_Uebersicht.de.html,0.0,,False,True,False,False,,,
,ENERGY TIROL,radio,99.9,99.9,,,False,False,,,False,,,True,Schlotthof,Tirol,Austria,AUT,True,47.270278,11.374722,JN57QG,,False,,rtr-radio-db,Radio Frequencies,RTR-GmbH - data.rtr.at,dynamic,Public Domain,https://www.rtr.at/rtr/service/opendata/OD_Uebersicht.de.html,0.0,,False,True,False,False,,,
,radio AGORA 105 l 5,radio,100.0,100.0,,,False,False,,,False,,,True,Lobnig,Kärnten,Austria,AUT,True,46.496944,14.588333,JN76HL,,False,,rtr-radio-db,Radio Frequencies,RTR-GmbH - data.rtr.at,dynamic,Public Domain,https://www.rtr.at/rtr/service/opendata/OD_Uebersicht.de.html,0.0,,False,True,False,False,,,
,VM1,radio,100.1,100.1,,,False,False,,,False,,,True,Lechnereck,Salzburg,Austria,AUT,True,47.301944,12.836944,JN67KH,,False,,rtr-radio-db,Radio Frequencies,RTR-GmbH - data.rtr.at,dynamic,Public Domain,https://www.rtr.at/rtr/service/opendata/OD_Uebersicht.de.html,0.0,,False,True,False,False,,,
,Antenne V,radio,100.2,100.2,,,False,False,,,False,,,True,Berghof Golm,Vorarlberg,Austria,AUT,True,47.064444,9.845556,JN47WB,,False,,rtr-radio-db,Radio Frequencies,RTR-GmbH - data.rtr.at,dynamic,Public Domain,https://www.rtr.at/rtr/service/opendata/OD_Uebersicht.de.html,0.0,,False,True,False,False,,,
,Kronehit,radio,100.3,100.3,,,False,False,,,False,,,True,Osterstein Arzl,Tirol,Austria,AUT,True,47.214444,10.761111,JN57JF,,False,,rtr-radio-db,Radio Frequencies,RTR-GmbH - data.rtr.at,dynamic,Public Domain,https://www.rtr.at/rtr/service/opendata/OD_Uebersicht.de.html,0.0,,False,True,False,False,,,
,Kronehit,radio,100.4,100.4,,,False,False,,,False,,,True,Bürserberg,Vorarlberg,Austria,AUT,True,47.159167,9.780833,JN47VD,,False,,rtr-radio-db,Radio Frequencies,RTR-GmbH - data.rtr.at,dynamic,Public Domain,https://www.rtr.at/rtr/service/opendata/OD_Uebersicht.de.html,0.0,,False,True,False,False,,,
,Kronehit,radio,100.5,100.5,,,False,False,,,False,,,True,Brunnerberg Mobilfunkmast,Tirol,Austria,AUT,True,46.920556,12.579722,JN66GW,,False,,rtr-radio-db,Radio Frequencies,RTR-GmbH - data.rtr.at,dynamic,Public Domain,https://www.rtr.at/rtr/service/opendata/OD_Uebersicht.de.html,0.0,,False,True,False,False,,,
,radio AGORA 105 l 5,radio,100.6,100.6,,,False,False,,,False,,,True,Lippekogel,Kärnten,Austria,AUT,True,46.734722,14.508889,JN76GR,,False,,rtr-radio-db,Radio Frequencies,RTR-GmbH - data.rtr.at,dynamic,Public Domain,https://www.rtr.at/rtr/service/opendata/OD_Uebersicht.de.html,0.0,,False,True,False,False,,,
,Ö2 S,radio,100.7,100.7,,,False,False,,,False,,,True,,Salzburg,Austria,AUT,True,47.374167,13.561944,JN67SI,,False,,rtr-radio-db,Radio Frequencies,RTR-GmbH - data.rtr.at,dynamic,Public Domain,https://www.rtr.at/rtr/service/opendata/OD_Uebersicht.de.html,0.0,,False,True,False,False,,,
,Freequenns,radio,100.8,100.8,,,False,False,,,False,,,True,Salberg,Steiermark,Austria,AUT,True,47.570833,14.258611,JN77DN,,False,,rtr-radio-db,Radio Frequencies,RTR-GmbH - data.rtr.at,dynamic,Public Domain,https://www.rtr.at/rtr/service/opendata/OD_Uebersicht.de.html,0.0,,False,True,False,False,,,
,radio AGORA 105 l 5,radio,100.9,100.9,,,False,False,,,False,,,True,,Kärnten,Austria,AUT,True,46.463333,14.571667,JN76GL,,False,,rtr-radio-db,Radio Frequencies,RTR-GmbH - data.rtr.at,dynamic,Public Domain,https://www.rtr.at/rtr/service/opendata/OD_Uebersicht.de.html,0.0,,False,True,False,False,,,
,Kronehit,radio,101.0,101.0,,,False,False,,,False,,,True,Lanzenberg,Oberösterreich,Austria,AUT,True,48.265833,14.625556,JN78HG,,False,,rtr-radio-db,Radio Frequencies,RTR-GmbH - data.rtr.at,dynamic,Public Domain,https://www.rtr.at/rtr/service/opendata/OD_Uebersicht.de.html,0.0,,False,True,False,False,,,
,Antenne K,radio,101.1,101.1,,,False,False,,,False,,,True,Lorenzenberg,Kärnten,Austria,AUT,True,46.932778,14.459444,JN76FW,,False,,rtr-radio-db,Radio Frequencies,RTR-GmbH - data.rtr.at,dynamic,Public Domain,https://www.rtr.at/rtr/service/opendata/OD_Uebersicht.de.html,0.0,,False,True,False,False,,,
,Kronehit,radio,101.2,101.2,,,False,False,,,False,,,True,Gemeindealpe,Niederösterreich,Austria,AUT,True,47.812222,15.248889,JN77OT,,False,,rtr-radio-db,Radio Frequencies,RTR-GmbH - data.rtr.at,dynamic,Public Domain,https://www.rtr.at/rtr/service/opendata/OD_Uebersicht.de.html,0.0,,False,True,False,False,,,
,Kronehit,radio,101.3,101.3,,,False,False,,,False,,,True,Sonntagberg,Niederösterreich,Austria,AUT,True,47.999444,14.777778,JN77JX,,False,,rtr-radio-db,Radio Frequencies,RTR-GmbH - data.rtr.at,dynamic,Public Domain,https://www.rtr.at/rtr/service/opendata/OD_Uebersicht.de.html,0.0,,False,True,False,False,,,
,Arabella,radio,101.4,101.4,,,False,False,,,False,,,True,Mobilfunk,Niederösterreich,Austria,AUT,True,48.471667,16.435,JN88FL,,False,,rtr-radio-db,Radio Frequencies,RTR-GmbH - data.rtr.at,dynamic,Public Domain,https://www.rtr.at/rtr/service/opendata/OD_Uebersicht.de.html,0.0,,False,True,False,False,,,
,Ö2 NÖ,radio,101.5,101.5,,,False,False,,,False,,,True,Sattl,Oberösterreich,Austria,AUT,True,48.236667,14.925,JN78LF,,False,,rtr-radio-db,Radio Frequencies,RTR-GmbH - data.rtr.at,dynamic,Public Domain,https://www.rtr.at/rtr/service/opendata/OD_Uebersicht.de.html,0.0,,False,True,False,False,,,
,Kronehit,radio,101.6,101.6,,,False,False,,,False,,,True,Hühnersberg,Kärnten,Austria,AUT,True,46.846667,13.446944,JN66RU,,False,,rtr-radio-db,Radio Frequencies,RTR-GmbH - data.rtr.at,dynamic,Public Domain,https://www.rtr.at/rtr/service/opendata/OD_Uebersicht.de.html,0.0,,False,True,False,False,,,
,Osttirol,radio,101.7,101.7,,,False,False,,,False,,,True,Glanzalm,Tirol,Austria,AUT,True,46.939444,12.546111,JN66GW,,False,,rtr-radio-db,Radio Frequencies,RTR-GmbH - data.rtr.at,dynamic,Public Domain,https://www.rtr.at/rtr/service/opendata/OD_Uebersicht.de.html,0.0,,False,True,False,False,,,
,Kronehit,radio,101.8,101.8,,,False,False,,,False,,,True,Benglerwald,Tirol,Austria,AUT,True,47.261667,10.3725,JN57EG,,False,,rtr-radio-db,Radio Frequencies,RTR-GmbH - data.rtr.at,dynamic,Public Domain,https://www.rtr.at/rtr/service/opendata/OD_Uebersicht.de.html,0.0,,False,True,False,False,,,
,radio AGORA 105 l 5,radio,101.9,101.9,,,False,False,,,False,,,True,,Steiermark,Austria,AUT,True,46.663333,15.065556,JN76MP,,False,,rtr-radio-db,Radio Frequencies,RTR-GmbH - data.rtr.at,dynamic,Public Domain,https://www.rtr.at/rtr/service/opendata/OD_Uebersicht.de.html,0.0,,False,True,False,False,,,
,Kronehit,radio,102.0,102.0,,,False,False,,,False,,,True,Haiminger Alm,Tirol,Austria,AUT,True,47.266389,10.852222,JN57KG,,False,,rtr-radio-db,Radio Frequencies,RTR-GmbH - data.rtr.at,dynamic,Public Domain,https://www.rtr.at/rtr/service/opendata/OD_Uebersicht.de.html,0.0,,False,True,False,False,,,
,Antenne K,radio,102.1,102.1,,,False,False,,,False,,,True,Hinterwachsenberg,Kärnten,Austria,AUT,True,46.769167,14.101944,JN76BS,,False,,rtr-radio-db,Radio Frequencies,RTR-GmbH - data.rtr.at,dynamic,Public Domain,https://www.rtr.at/rtr/service/opendata/OD_Uebersicht.de.html,0.0,,False,True,False,False,,,
,Life  (OÖ),radio,102.2,102.2,,,False,False,,,False,,,True,Katrin,Oberösterreich,Austria,AUT,True,47.689722,13.580278,JN67SQ,,False,,rtr-radio-db,Radio Frequencies,RTR-GmbH - data.rtr.at,dynamic,Public Domain,https://www.rtr.at/rtr/service/opendata/OD_Uebersicht.de.html,0.0,,False,True,False,False,,,
,Kronehit,radio,102.3,102.3,,,False,False,,,False,,,True,Raxalpe,Niederösterreich,Austria,AUT,True,47.718333,15.779167,JN77VR,,False,,rtr-radio-db,Radio Frequencies,RTR-GmbH - data.rtr.at,dynamic,Public Domain,https://www.rtr.at/rtr/service/opendata/OD_Uebersicht.de.html,0.0,,False,True,False,False,,,
,FRO,radio,102.4,102.4,,,False,False,,,False,,,True,Mobilfunkmast,Oberösterreich,Austria,AUT,True,48.334722,14.11,JN78BI,,False,,rtr-radio-db,Radio Frequencies,RTR-GmbH - data.rtr.at,dynamic,Public Domain,https://www.rtr.at/rtr/service/opendata/OD_Uebersicht.de.html,0.0,,False,True,False,False,,,
,Klassik,radio,102.5,102.5,,,False,False,,,False,,,True,Wartberg,Salzburg,Austria,AUT,True,47.763889,12.956667,JN67LS,,False,,rtr-radio-db,Radio Frequencies,RTR-GmbH - data.rtr.at,dynamic,Public Domain,https://www.rtr.at/rtr/service/opendata/OD_Uebersicht.de.html,0.0,,False,True,False,False,,,
,Kronehit,radio,102.6,102.6,,,False,False,,,False,,,True,,Steiermark,Austria,AUT,True,47.259167,14.475278,JN77FG,,False,,rtr-radio-db,Radio Frequencies,RTR-GmbH - data.rtr.at,dynamic,Public Domain,https://www.rtr.at/rtr/service/opendata/OD_Uebersicht.de.html,0.0,,False,True,False,False,,,
,Antenne V,radio,102.7,102.7,,,False,False,,,False,,,True,Richtfunkmast Bergstation,Vorarlberg,Austria,AUT,True,47.398889,9.934444,JN47XJ,,False,,rtr-radio-db,Radio Frequencies,RTR-GmbH - data.rtr.at,dynamic,Public Domain,https://www.rtr.at/rtr/service/opendata/OD_Uebersicht.de.html,0.0,,False,True,False,False,,,
,Antenne S,radio,102.8,102.8,,,False,False,,,False,,,True,Hochgitzen Mobilfunkmast,Salzburg,Austria,AUT,True,47.856944,13.034722,JN67MU,,False,,rtr-radio-db,Radio Frequencies,RTR-GmbH - data.rtr.at,dynamic,Public Domain,https://www.rtr.at/rtr/service/opendata/OD_Uebersicht.de.html,0.0,,False,True,False,False,,,
,Kronehit,radio,102.9,102.9,,,False,False,,,False,,,True,Sonnwendstein,Niederösterreich,Austria,AUT,True,47.628889,15.860833,JN77WP,,False,,rtr-radio-db,Radio Frequencies,RTR-GmbH - data.rtr.at,dynamic,Public Domain,https://www.rtr.at/rtr/service/opendata/OD_Uebersicht.de.html,0.0,,False,True,False,False,,,
,Freequenns,radio,103.0,103.0,,,False,False,,,False,,,True,Klosterkogel,Steiermark,Austria,AUT,True,47.57,14.451667,JN77FN,,False,,rtr-radio-db,Radio Frequencies,RTR-GmbH - data.rtr.at,dynamic,Public Domain,https://www.rtr.at/rtr/service/opendata/OD_Uebersicht.de.html,0.0,,False,True,False,False,,,
,Antenne V,radio,103.1,103.1,,,False,False,,,False,,,True,Tanafreida,Vorarlberg,Austria,AUT,True,47.033333,9.968889,JN47XA,,False,,rtr-radio-db,Radio Frequencies,RTR-GmbH - data.rtr.at,dynamic,Public Domain,https://www.rtr.at/rtr/service/opendata/OD_Uebersicht.de.html,0.0,,False,True,False,False,,,
,Kronehit,radio,103.2,103.2,,,False,False,,,False,,,True,Stradner Kogel,Steiermark,Austria,AUT,True,46.845833,15.931667,JN76XU,,False,,rtr-radio-db,Radio Frequencies,RTR-GmbH - data.rtr.at,dynamic,Public Domain,https://www.rtr.at/rtr/service/opendata/OD_Uebersicht.de.html,0.0,,False,True,False,False,,,
,Kronehit,radio,103.3,103.3,,,False,False,,,False,,,True,Oberlielon,Salzburg,Austria,AUT,True,48.023889,13.026389,JN68MA,,False,,rtr-radio-db,Radio Frequencies,RTR-GmbH - data.rtr.at,dynamic,Public Domain,https://www.rtr.at/rtr/service/opendata/OD_Uebersicht.de.html,0.0,,False,True,False,False,,,
,Kronehit,radio,103.4,103.4,,,False,False,,,False,,,True,Weissenegger Berg,Kärnten,Austria,AUT,True,46.664722,14.794722,JN76JP,,False,,rtr-radio-db,Radio Frequencies,RTR-GmbH - data.rtr.at,dynamic,Public Domain,https://www.rtr.at/rtr/service/opendata/OD_Uebersicht.de.html,0.0,,False,True,False,False,,,
,Kronehit,radio,103.5,103.5,,,False,False,,,False,,,True,Berghof Golm,Vorarlberg,Austria,AUT,True,47.064444,9.845556,JN47WB,,False,,rtr-radio-db,Radio Frequencies,RTR-GmbH - data.rtr.at,dynamic,Public Domain,https://www.rtr.at/rtr/service/opendata/OD_Uebersicht.de.html,0.0,,False,True,False,False,,,
,Kronehit,radio,103.6,103.6,,,False,False,,,False,,,True,Mobilfunkmast,Steiermark,Austria,AUT,True,47.549444,15.243889,JN77ON,,False,,rtr-radio-db,Radio Frequencies,RTR-GmbH - data.rtr.at,dynamic,Public Domain,https://www.rtr.at/rtr/service/opendata/OD_Uebersicht.de.html,0.0,,False,True,False,False,,,
,Kronehit,radio,103.7,103.7,,,False,False,,,False,,,True,Sonnenberg,Steiermark,Austria,AUT,True,47.541944,14.3375,JN77EN,,False,,rtr-radio-db,Radio Frequencies,RTR-GmbH - data.rtr.at,dynamic,Public Domain,https://www.rtr.at/rtr/service/opendata/OD_Uebersicht.de.html,0.0,,False,True,False,False,,,
,FM4,radio,103.8,103.8,,,False,False,,,False,,,True,Kahlenberg,Wien,Austria,AUT,True,48.276667,16.333889,JN88EG,,False,,rtr-radio-db,Radio Frequencies,RTR-GmbH - data.rtr.at,dynamic,Public Domain,https://www.rtr.at/rtr/service/opendata/OD_Uebersicht.de.html,0.0,,False,True,False,False,,,
,MagicHIT,radio,103.9,103.9,,,False,False,,,False,,,True,Haiminger Alm,Tirol,Austria,AUT,True,47.266111,10.852222,JN57KG,,False,,rtr-radio-db,Radio Frequencies,RTR-GmbH - data.rtr.at,dynamic,Public Domain,https://www.rtr.at/rtr/service/opendata/OD_Uebersicht.de.html,0.0,,False,True,False,False,,,
,Freequenns,radio,104.0,104.0,,,False,False,,,False,,,True,Planai,Steiermark,Austria,AUT,True,47.378611,13.716944,JN67UJ,,False,,rtr-radio-db,Radio Frequencies,RTR-GmbH - data.rtr.at,dynamic,Public Domain,https://www.rtr.at/rtr/service/opendata/OD_Uebersicht.de.html,0.0,,False,True,False,False,,,
,Antenne V,radio,104.1,104.1,,,False,False,,,False,,,True,,Vorarlberg,Austria,AUT,True,47.118056,10.001944,JN57AC,,False,,rtr-radio-db,Radio Frequencies,RTR-GmbH - data.rtr.at,dynamic,Public Domain,https://www.rtr.at/rtr/service/opendata/OD_Uebersicht.de.html,0.0,,False,True,False,False,,,
,Freies  Salzkammergut,radio,104.2,104.2,,,False,False,,,False,,,True,Reitern,Steiermark,Austria,AUT,True,47.608611,13.773889,JN67VO,,False,,rtr-radio-db,Radio Frequencies,RTR-GmbH - data.rtr.at,dynamic,Public Domain,https://www.rtr.at/rtr/service/opendata/OD_Uebersicht.de.html,0.0,,False,True,False,False,,,
,Antenne K,radio,104.3,104.3,,,False,False,,,False,,,True,Koralpe,Kärnten,Austria,AUT,True,46.794444,14.958333,JN76LT,,False,,rtr-radio-db,Radio Frequencies,RTR-GmbH - data.rtr.at,dynamic,Public Domain,https://www.rtr.at/rtr/service/opendata/OD_Uebersicht.de.html,0.0,,False,True,False,False,,,
,Kronehit,radio,104.4,104.4,,,False,False,,,False,,,True,Mobilfunkmast,Steiermark,Austria,AUT,True,47.339444,15.695,JN77UI,,False,,rtr-radio-db,Radio Frequencies,RTR-GmbH - data.rtr.at,dynamic,Public Domain,https://www.rtr.at/rtr/service/opendata/OD_Uebersicht.de.html,0.0,,False,True,False,False,,,
,Kronehit,radio,104.5,104.5,,,False,False,,,False,,,True,Wartbergkogel,Steiermark,Austria,AUT,True,47.520278,15.480278,JN77RM,,False,,rtr-radio-db,Radio Frequencies,RTR-GmbH - data.rtr.at,dynamic,Public Domain,https://www.rtr.at/rtr/service/opendata/OD_Uebersicht.de.html,0.0,,False,True,False,False,,,
,Proton,radio,104.6,104.6,,,False,False,,,False,,,True,Muttersberg,Vorarlberg,Austria,AUT,True,47.18,9.824444,JN47VE,,False,,rtr-radio-db,Radio Frequencies,RTR-GmbH - data.rtr.at,dynamic,Public Domain,https://www.rtr.at/rtr/service/opendata/OD_Uebersicht.de.html,0.0,,False,True,False,False,,,
,Kronehit,radio,104.7,104.7,,,False,False,,,False,,,True,Richtfunkmast Bergstation,Vorarlberg,Austria,AUT,True,47.398889,9.934444,JN47XJ,,False,,rtr-radio-db,Radio Frequencies,RTR-GmbH - data.rtr.at,dynamic,Public Domain,https://www.rtr.at/rtr/service/opendata/OD_Uebersicht.de.html,0.0,,False,True,False,False,,,
,Grün Weiß,radio,104.8,104.8,,,False,False,,,False,,,True,Sonnenberg,Steiermark,Austria,AUT,True,47.541944,14.3375,JN77EN,,False,,rtr-radio-db,Radio Frequencies,RTR-GmbH - data.rtr.at,dynamic,Public Domain,https://www.rtr.at/rtr/service/opendata/OD_Uebersicht.de.html,0.0,,False,True,False,False,,,
,Antenne K,radio,104.9,104.9,,,False,False,,,False,,,True,Dobratsch,Kärnten,Austria,AUT,True,46.603333,13.673056,JN66UO,,False,,rtr-radio-db,Radio Frequencies,RTR-GmbH - data.rtr.at,dynamic,Public Domain,https://www.rtr.at/rtr/service/opendata/OD_Uebersicht.de.html,0.0,,False,True,False,False,,,
,FRO,radio,105.0,105.0,,,False,False,,,False,,,True,Pöstlingberg Linz Strom Mast,Oberösterreich,Austria,AUT,True,48.324722,14.259444,JN78DH,,False,,rtr-radio-db,Radio Frequencies,RTR-GmbH - data.rtr.at,dynamic,Public Domain,https://www.rtr.at/rtr/service/opendata/OD_Uebersicht.de.html,0.0,,False,True,False,False,,,
,Antenne V,radio,105.1,105.1,,,False,False,,,False,,,True,Vorderälpele,Vorarlberg,Austria,AUT,True,47.209722,9.599722,JN47TF,,False,,rtr-radio-db,Radio Frequencies,RTR-GmbH - data.rtr.at,dynamic,Public Domain,https://www.rtr.at/rtr/service/opendata/OD_Uebersicht.de.html,0.0,,False,True,False,False,,,
,Kronehit,radio,105.3,105.3,,,False,False,,,False,,,True,Lippekogel,Kärnten,Austria,AUT,True,46.734722,14.508889,JN76GR,,False,,rtr-radio-db,Radio Frequencies,RTR-GmbH - data.rtr.at,dynamic,Public Domain,https://www.rtr.at/rtr/service/opendata/OD_Uebersicht.de.html,0.0,,False,True,False,False,,,
,Life  (T),radio,105.4,105.4,,,False,False,,,False,,,True,Haiminger Alm,Tirol,Austria,AUT,True,47.266389,10.852222,JN57KG,,False,,rtr-radio-db,Radio Frequencies,RTR-GmbH - data.rtr.at,dynamic,Public Domain,https://www.rtr.at/rtr/service/opendata/OD_Uebersicht.de.html,0.0,,False,True,False,False,,,
,radio AGORA 105 l 5,radio,105.5,105.5,,,False,False,,,False,,,True,Dobratsch,Kärnten,Austria,AUT,True,46.603333,13.673056,JN66UO,,False,,rtr-radio-db,Radio Frequencies,RTR-GmbH - data.rtr.at,dynamic,Public Domain,https://www.rtr.at/rtr/service/opendata/OD_Uebersicht.de.html,0.0,,False,True,False,False,,,
,Kronehit,radio,105.6,105.6,,,False,False,,,False,,,True,Obergrünbach,Oberösterreich,Austria,AUT,True,48.546944,14.537778,JN78GN,,False,,rtr-radio-db,Radio Frequencies,RTR-GmbH - data.rtr.at,dynamic,Public Domain,https://www.rtr.at/rtr/service/opendata/OD_Uebersicht.de.html,0.0,,False,True,False,False,,,
,Osttirol,radio,105.7,105.7,,,False,False,,,False,,,True,Kals Tembler,Tirol,Austria,AUT,True,47.002222,12.633889,JN67HA,,False,,rtr-radio-db,Radio Frequencies,RTR-GmbH - data.rtr.at,dynamic,Public Domain,https://www.rtr.at/rtr/service/opendata/OD_Uebersicht.de.html,0.0,,False,True,False,False,,,
,Kronehit,radio,105.8,105.8,,,False,False,,,False,,,True,Gößnitzberg,Steiermark,Austria,AUT,True,47.059722,15.016667,JN77MB,,False,,rtr-radio-db,Radio Frequencies,RTR-GmbH - data.rtr.at,dynamic,Public Domain,https://www.rtr.at/rtr/service/opendata/OD_Uebersicht.de.html,0.0,,False,True,False,False,,,
,Freirad,radio,105.9,105.9,,,False,False,,,False,,,True,Schlotthof,Tirol,Austria,AUT,True,47.270278,11.374722,JN57QG,,False,,rtr-radio-db,Radio Frequencies,RTR-GmbH - data.rtr.at,dynamic,Public Domain,https://www.rtr.at/rtr/service/opendata/OD_Uebersicht.de.html,0.0,,False,True,False,False,,,
,Antenne V,radio,106.0,106.0,,,False,False,,,False,,,True,,Vorarlberg,Austria,AUT,True,47.2025,10.166667,JN57CE,,False,,rtr-radio-db,Radio Frequencies,RTR-GmbH - data.rtr.at,dynamic,Public Domain,https://www.rtr.at/rtr/service/opendata/OD_Uebersicht.de.html,0.0,,False,True,False,False,,,
,Kronehit,radio,106.1,106.1,,,False,False,,,False,,,True,Gerlosberg TK-Rifu Station,Tirol,Austria,AUT,True,47.203056,11.921111,JN57XE,,False,,rtr-radio-db,Radio Frequencies,RTR-GmbH - data.rtr.at,dynamic,Public Domain,https://www.rtr.at/rtr/service/opendata/OD_Uebersicht.de.html,0.0,,False,True,False,False,,,
,Freirad,radio,106.2,106.2,,,False,False,,,False,,,True,Stieglreith,Tirol,Austria,AUT,True,47.238333,11.221111,JN57OF,,False,,rtr-radio-db,Radio Frequencies,RTR-GmbH - data.rtr.at,dynamic,Public Domain,https://www.rtr.at/rtr/service/opendata/OD_Uebersicht.de.html,0.0,,False,True,False,False,,,
,Grün Weiß,radio,106.3,106.3,,,False,False,,,False,,,True,Hochwurzen,Steiermark,Austria,AUT,True,47.360278,13.639444,JN67TI,,False,,rtr-radio-db,Radio Frequencies,RTR-GmbH - data.rtr.at,dynamic,Public Domain,https://www.rtr.at/rtr/service/opendata/OD_Uebersicht.de.html,0.0,,False,True,False,False,,,
,oe24,radio,106.4,106.4,,,False,False,,,False,,,True,Hochstein,Tirol,Austria,AUT,True,46.822222,12.700278,JN66IT,,False,,rtr-radio-db,Radio Frequencies,RTR-GmbH - data.rtr.at,dynamic,Public Domain,https://www.rtr.at/rtr/service/opendata/OD_Uebersicht.de.html,0.0,,False,True,False,False,,,
,Antenne V,radio,106.5,106.5,,,False,False,,,False,,,True,Pfänder,Vorarlberg,Austria,AUT,True,47.508056,9.780278,JN47VM,,False,,rtr-radio-db,Radio Frequencies,RTR-GmbH - data.rtr.at,dynamic,Public Domain,https://www.rtr.at/rtr/service/opendata/OD_Uebersicht.de.html,0.0,,False,True,False,False,,,
,radio AGORA 105 l 5,radio,106.6,106.6,,,False,False,,,False,,,True,,Kärnten,Austria,AUT,True,46.469444,14.357778,JN76EL,,False,,rtr-radio-db,Radio Frequencies,RTR-GmbH - data.rtr.at,dynamic,Public Domain,https://www.rtr.at/rtr/service/opendata/OD_Uebersicht.de.html,0.0,,False,True,False,False,,,
,Antenne S,radio,106.7,106.7,,,False,False,,,False,,,True,Gschwandtlahn,Salzburg,Austria,AUT,True,47.561944,13.416944,JN67RN,,False,,rtr-radio-db,Radio Frequencies,RTR-GmbH - data.rtr.at,dynamic,Public Domain,https://www.rtr.at/rtr/service/opendata/OD_Uebersicht.de.html,0.0,,False,True,False,False,,,
,radio AGORA 105 l 5,radio,106.8,106.8,,,False,False,,,False,,,True,Koralpe,Kärnten,Austria,AUT,True,46.794444,14.958333,JN76LT,,False,,rtr-radio-db,Radio Frequencies,RTR-GmbH - data.rtr.at,dynamic,Public Domain,https://www.rtr.at/rtr/service/opendata/OD_Uebersicht.de.html,0.0,,False,True,False,False,,,
,Kronehit,radio,106.9,106.9,,,False,False,,,False,,,True,Atzensberg,Kärnten,Austria,AUT,True,47.004444,13.631111,JN67TA,,False,,rtr-radio-db,Radio Frequencies,RTR-GmbH - data.rtr.at,dynamic,Public Domain,https://www.rtr.at/rtr/service/opendata/OD_Uebersicht.de.html,0.0,,False,True,False,False,,,
,Kronehit,radio,107.0,107.0,,,False,False,,,False,,,True,Mobilfunkmast Palpas,Steiermark,Austria,AUT,True,47.209167,15.26,JN77PF,,False,,rtr-radio-db,Radio Frequencies,RTR-GmbH - data.rtr.at,dynamic,Public Domain,https://www.rtr.at/rtr/service/opendata/OD_Uebersicht.de.html,0.0,,False,True,False,False,,,
,Freies  Freistadt,radio,107.1,107.1,,,False,False,,,False,,,True,Oberrauchenödt,Oberösterreich,Austria,AUT,True,48.530278,14.578611,JN78GM,,False,,rtr-radio-db,Radio Frequencies,RTR-GmbH - data.rtr.at,dynamic,Public Domain,https://www.rtr.at/rtr/service/opendata/OD_Uebersicht.de.html,0.0,,False,True,False,False,,,
,Kronehit,radio,107.2,107.2,,,False,False,,,False,,,True,Feistritzer Wald,Steiermark,Austria,AUT,True,47.156111,14.779444,JN77JD,,False,,rtr-radio-db,Radio Frequencies,RTR-GmbH - data.rtr.at,dynamic,Public Domain,https://www.rtr.at/rtr/service/opendata/OD_Uebersicht.de.html,0.0,,False,True,False,False,,,
,Freies  Salzkammergut,radio,107.3,107.3,,,False,False,,,False,,,True,Grünberg,Oberösterreich,Austria,AUT,True,47.898333,13.820278,JN67VV,,False,,rtr-radio-db,Radio Frequencies,RTR-GmbH - data.rtr.at,dynamic,Public Domain,https://www.rtr.at/rtr/service/opendata/OD_Uebersicht.de.html,0.0,,False,True,False,False,,,
,Antenne K,radio,107.4,107.4,,,False,False,,,False,,,True,Goldeck,Kärnten,Austria,AUT,True,46.758889,13.458056,JN66RS,,False,,rtr-radio-db,Radio Frequencies,RTR-GmbH - data.rtr.at,dynamic,Public Domain,https://www.rtr.at/rtr/service/opendata/OD_Uebersicht.de.html,0.0,,False,True,False,False,,,
,fabrik,radio,107.5,107.5,,,False,False,,,False,,,True,Hochgitzen Mobilfunkmast,Salzburg,Austria,AUT,True,47.857222,13.035278,JN67MU,,False,,rtr-radio-db,Radio Frequencies,RTR-GmbH - data.rtr.at,dynamic,Public Domain,https://www.rtr.at/rtr/service/opendata/OD_Uebersicht.de.html,0.0,,False,True,False,False,,,
,Freies  Freistadt,radio,107.6,107.6,,,False,False,,,False,,,True,Feuerwehr,Oberösterreich,Austria,AUT,True,48.536389,14.223056,JN78CM,,False,,rtr-radio-db,Radio Frequencies,RTR-GmbH - data.rtr.at,dynamic,Public Domain,https://www.rtr.at/rtr/service/opendata/OD_Uebersicht.de.html,0.0,,False,True,False,False,,,
,Kronehit,radio,107.7,107.7,,,False,False,,,False,,,True,Tressenstein,Steiermark,Austria,AUT,True,47.626111,13.788611,JN67VP,,False,,rtr-radio-db,Radio Frequencies,RTR-GmbH - data.rtr.at,dynamic,Public Domain,https://www.rtr.at/rtr/service/opendata/OD_Uebersicht.de.html,0.0,,False,True,False,False,,,
,Osttirol,radio,107.8,107.8,,,False,False,,,False,,,True,Stronach,Tirol,Austria,AUT,True,46.830556,12.859167,JN66KT,,False,,rtr-radio-db,Radio Frequencies,RTR-GmbH - data.rtr.at,dynamic,Public Domain,https://www.rtr.at/rtr/service/opendata/OD_Uebersicht.de.html,0.0,,False,True,False,False,,,
,Kronehit,radio,107.9,107.9,,,False,False,,,False,,,True,Bruck,Salzburg,Austria,AUT,True,47.286111,12.811944,JN67JG,,False,,rtr-radio-db,Radio Frequencies,RTR-GmbH - data.rtr.at,dynamic,Public Domain,https://www.rtr.at/rtr/service/opendata/OD_Uebersicht.de.html,0.0,,False,True,False,False,,,
